{
  "dataset": "bnci2014_001",
  "n_subjects": 9,
  "mean_accuracy": 0.8007662835249041,
  "std_accuracy": 0.1343183765743916,
  "mean_kappa": 0.6015325670498084,
  "std_kappa": 0.2686367531487832,
  "per_subject": {
    "1": {
      "accuracy": 0.9310344827586207,
      "kappa": 0.8620689655172413,
      "epoch": 31.0
    },
    "2": {
      "accuracy": 0.6551724137931034,
      "kappa": 0.31034482758620685,
      "epoch": 29.0
    },
    "3": {
      "accuracy": 0.9827586206896551,
      "kappa": 0.9655172413793104,
      "epoch": 21.0
    },
    "4": {
      "accuracy": 0.7413793103448276,
      "kappa": 0.48275862068965514,
      "epoch": 24.0
    },
    "5": {
      "accuracy": 0.6379310344827587,
      "kappa": 0.27586206896551724,
      "epoch": 36.0
    },
    "6": {
      "accuracy": 0.6551724137931034,
      "kappa": 0.31034482758620685,
      "epoch": 14.0
    },
    "7": {
      "accuracy": 0.7413793103448276,
      "kappa": 0.48275862068965514,
      "epoch": 17.0
    },
    "8": {
      "accuracy": 0.9655172413793104,
      "kappa": 0.9310344827586207,
      "epoch": 19.0
    },
    "9": {
      "accuracy": 0.896551724137931,
      "kappa": 0.7931034482758621,
      "epoch": 27.0
    }
  }
}