{
  "dataset": "bnci2014_001",
  "n_subjects": 9,
  "mean_accuracy": 0.8045977011494253,
  "std_accuracy": 0.1542115846551579,
  "mean_kappa": 0.6057255421408995,
  "std_kappa": 0.31326171713859857,
  "per_subject": {
    "1": {
      "accuracy": 0.896551724137931,
      "kappa": 0.7943262411347518,
      "epoch": 21.0
    },
    "2": {
      "accuracy": 0.5862068965517241,
      "kappa": 0.1594202898550724,
      "epoch": 11.0
    },
    "3": {
      "accuracy": 0.9655172413793104,
      "kappa": 0.9307875894988067,
      "epoch": 13.0
    },
    "4": {
      "accuracy": 0.7241379310344828,
      "kappa": 0.4423076923076923,
      "epoch": 16.0
    },
    "5": {
      "accuracy": 0.5862068965517241,
      "kappa": 0.15533980582524276,
      "epoch": 21.0
    },
    "6": {
      "accuracy": 0.6896551724137931,
      "kappa": 0.3829787234042552,
      "epoch": 15.0
    },
    "7": {
      "accuracy": 0.8275862068965517,
      "kappa": 0.6555819477434679,
      "epoch": 15.0
    },
    "8": {
      "accuracy": 0.9655172413793104,
      "kappa": 0.9307875894988067,
      "epoch": 24.0
    },
    "9": {
      "accuracy": 1.0,
      "kappa": 1.0,
      "epoch": 11.0
    }
  }
}