{
  "dataset": "bnci2014_001",
  "n_subjects": 9,
  "mean_accuracy": 0.8237547892720306,
  "std_accuracy": 0.13643290279513298,
  "mean_kappa": 0.6454584011882805,
  "std_kappa": 0.27513364505874005,
  "per_subject": {
    "1": {
      "accuracy": 0.9310344827586207,
      "kappa": 0.861904761904762,
      "epoch": 17.0
    },
    "2": {
      "accuracy": 0.6551724137931034,
      "kappa": 0.3127962085308057,
      "epoch": 28.0
    },
    "3": {
      "accuracy": 0.9310344827586207,
      "kappa": 0.861904761904762,
      "epoch": 20.0
    },
    "4": {
      "accuracy": 0.7586206896551724,
      "kappa": 0.5155131264916468,
      "epoch": 44.0
    },
    "5": {
      "accuracy": 0.6206896551724138,
      "kappa": 0.2313253012048192,
      "epoch": 45.0
    },
    "6": {
      "accuracy": 0.6896551724137931,
      "kappa": 0.3710843373493976,
      "epoch": 22.0
    },
    "7": {
      "accuracy": 0.8620689655172413,
      "kappa": 0.7238095238095238,
      "epoch": 29.0
    },
    "8": {
      "accuracy": 0.9655172413793104,
      "kappa": 0.9307875894988067,
      "epoch": 28.0
    },
    "9": {
      "accuracy": 1.0,
      "kappa": 1.0,
      "epoch": 13.0
    }
  }
}