{
  "dataset": "bnci2014_001",
  "protocol": "LOSO",
  "n_subjects": 9,
  "mean_accuracy": 0.7461419753086419,
  "std_accuracy": 0.11194522519444398,
  "mean_kappa": 0.4922839506172839,
  "std_kappa": 0.22389045038888802,
  "per_subject": {
    "1": {
      "accuracy": 0.8229166666666666,
      "kappa": 0.6458333333333333,
      "epoch": 45.0
    },
    "2": {
      "accuracy": 0.6597222222222222,
      "kappa": 0.3194444444444444,
      "epoch": 40.0
    },
    "3": {
      "accuracy": 0.9444444444444444,
      "kappa": 0.8888888888888888,
      "epoch": 16.0
    },
    "4": {
      "accuracy": 0.7430555555555556,
      "kappa": 0.48611111111111116,
      "epoch": 37.0
    },
    "5": {
      "accuracy": 0.6458333333333334,
      "kappa": 0.29166666666666663,
      "epoch": 50.0
    },
    "6": {
      "accuracy": 0.6909722222222222,
      "kappa": 0.3819444444444444,
      "epoch": 49.0
    },
    "7": {
      "accuracy": 0.5833333333333334,
      "kappa": 0.16666666666666663,
      "epoch": 42.0
    },
    "8": {
      "accuracy": 0.8888888888888888,
      "kappa": 0.7777777777777778,
      "epoch": 25.0
    },
    "9": {
      "accuracy": 0.7361111111111112,
      "kappa": 0.4722222222222222,
      "epoch": 44.0
    }
  }
}