{
  "dataset": "bnci2014_001",
  "protocol": "LOSO",
  "n_subjects": 9,
  "mean_accuracy": 0.6508487654320987,
  "std_accuracy": 0.09554201661829695,
  "mean_kappa": 0.30169753086419754,
  "std_kappa": 0.19108403323659387,
  "per_subject": {
    "1": {
      "accuracy": 0.71875,
      "kappa": 0.4375,
      "epoch": 11.0
    },
    "2": {
      "accuracy": 0.5729166666666666,
      "kappa": 0.14583333333333337,
      "epoch": 13.0
    },
    "3": {
      "accuracy": 0.8541666666666666,
      "kappa": 0.7083333333333333,
      "epoch": 15.0
    },
    "4": {
      "accuracy": 0.6284722222222222,
      "kappa": 0.2569444444444444,
      "epoch": 21.0
    },
    "5": {
      "accuracy": 0.5277777777777778,
      "kappa": 0.05555555555555558,
      "epoch": 14.0
    },
    "6": {
      "accuracy": 0.6076388888888888,
      "kappa": 0.2152777777777778,
      "epoch": 8.0
    },
    "7": {
      "accuracy": 0.6180555555555556,
      "kappa": 0.23611111111111116,
      "epoch": 1.0
    },
    "8": {
      "accuracy": 0.7395833333333334,
      "kappa": 0.47916666666666663,
      "epoch": 6.0
    },
    "9": {
      "accuracy": 0.5902777777777778,
      "kappa": 0.18055555555555558,
      "epoch": 27.0
    }
  }
}