{
  "dataset": "bnci2014_001",
  "protocol": "LOSO",
  "n_subjects": 9,
  "mean_accuracy": 0.745756172839506,
  "std_accuracy": 0.10297385182378542,
  "mean_kappa": 0.4915123456790123,
  "std_kappa": 0.20594770364757084,
  "per_subject": {
    "1": {
      "accuracy": 0.8090277777777778,
      "kappa": 0.6180555555555556,
      "epoch": 29.0
    },
    "2": {
      "accuracy": 0.6388888888888888,
      "kappa": 0.2777777777777778,
      "epoch": 36.0
    },
    "3": {
      "accuracy": 0.8958333333333334,
      "kappa": 0.7916666666666666,
      "epoch": 8.0
    },
    "4": {
      "accuracy": 0.7638888888888888,
      "kappa": 0.5277777777777778,
      "epoch": 7.0
    },
    "5": {
      "accuracy": 0.6423611111111112,
      "kappa": 0.2847222222222222,
      "epoch": 38.0
    },
    "6": {
      "accuracy": 0.6840277777777778,
      "kappa": 0.3680555555555556,
      "epoch": 47.0
    },
    "7": {
      "accuracy": 0.625,
      "kappa": 0.25,
      "epoch": 48.0
    },
    "8": {
      "accuracy": 0.9131944444444444,
      "kappa": 0.8263888888888888,
      "epoch": 30.0
    },
    "9": {
      "accuracy": 0.7395833333333334,
      "kappa": 0.47916666666666663,
      "epoch": 31.0
    }
  }
}