{
  "dataset": "bnci2014_001",
  "n_subjects": 9,
  "mean_accuracy": 0.8160919540229885,
  "std_accuracy": 0.13696983089440212,
  "mean_kappa": 0.6354404660997771,
  "std_kappa": 0.2681785421072264,
  "per_subject": {
    "1": {
      "accuracy": 0.9310344827586207,
      "kappa": 0.861904761904762,
      "epoch": 31.0
    },
    "2": {
      "accuracy": 0.6551724137931034,
      "kappa": 0.3160377358490566,
      "epoch": 24.0
    },
    "3": {
      "accuracy": 0.9310344827586207,
      "kappa": 0.861904761904762,
      "epoch": 20.0
    },
    "4": {
      "accuracy": 0.7931034482758621,
      "kappa": 0.5817307692307692,
      "epoch": 18.0
    },
    "5": {
      "accuracy": 0.5862068965517241,
      "kappa": 0.19444444444444453,
      "epoch": 48.0
    },
    "6": {
      "accuracy": 0.6896551724137931,
      "kappa": 0.38875878220140525,
      "epoch": 23.0
    },
    "7": {
      "accuracy": 0.8275862068965517,
      "kappa": 0.6522781774580335,
      "epoch": 27.0
    },
    "8": {
      "accuracy": 0.9310344827586207,
      "kappa": 0.861904761904762,
      "epoch": 21.0
    },
    "9": {
      "accuracy": 1.0,
      "kappa": 1.0,
      "epoch": 17.0
    }
  }
}