{
  "protocol": "within",
  "dataset": "bnci2014_001",
  "subjects": [1, 2, 3, 4, 5, 6, 7, 8, 9],
  "mean_accuracy": 0.7931034482758621,
  "std_accuracy": 0.13205891141466733,
  "mean_kappa": 0.5862068965517242,
  "std_kappa": 0.26411782282933466,
  "per_subject": {
    "1": {
      "epoch": 70.0,
      "train_loss": 0.01930114825296661,
      "test_accuracy": 0.8620689655172413,
      "test_kappa": 0.7241379310344828,
      "lr": 0.0005
    },
    "2": {
      "epoch": 70.0,
      "train_loss": 0.14817783599314482,
      "test_accuracy": 0.6206896551724138,
      "test_kappa": 0.24137931034482762,
      "lr": 0.0005
    },
    "3": {
      "epoch": 70.0,
      "train_loss": 0.004471978176709103,
      "test_accuracy": 0.9655172413793104,
      "test_kappa": 0.9310344827586207,
      "lr": 0.0005
    },
    "4": {
      "epoch": 70.0,
      "train_loss": 0.0165464261546731,
      "test_accuracy": 0.7413793103448276,
      "test_kappa": 0.48275862068965514,
      "lr": 0.0005
    },
    "5": {
      "epoch": 70.0,
      "train_loss": 0.15961500691330952,
      "test_accuracy": 0.6551724137931034,
      "test_kappa": 0.31034482758620685,
      "lr": 0.0005
    },
    "6": {
      "epoch": 70.0,
      "train_loss": 0.06006578482363535,
      "test_accuracy": 0.6206896551724138,
      "test_kappa": 0.24137931034482762,
      "lr": 0.0005
    },
    "7": {
      "epoch": 70.0,
      "train_loss": 0.017447816582558597,
      "test_accuracy": 0.8448275862068966,
      "test_kappa": 0.6896551724137931,
      "lr": 0.0005
    },
    "8": {
      "epoch": 70.0,
      "train_loss": 0.0005052392067306715,
      "test_accuracy": 0.9827586206896551,
      "test_kappa": 0.9655172413793104,
      "lr": 0.0005
    },
    "9": {
      "epoch": 70.0,
      "train_loss": 0.009403448671345477,
      "test_accuracy": 0.8448275862068966,
      "test_kappa": 0.6896551724137931,
      "lr": 0.0005
    }
  }
}
