{
  "dataset": "bnci2014_001",
  "protocol": "LOSO",
  "n_subjects": 9,
  "mean_accuracy": 0.7191358024691357,
  "std_accuracy": 0.11024503855566158,
  "mean_kappa": 0.4382716049382716,
  "std_kappa": 0.22049007711132312,
  "per_subject": {
    "1": {
      "accuracy": 0.7916666666666666,
      "kappa": 0.5833333333333333,
      "epoch": 18.0
    },
    "2": {
      "accuracy": 0.59375,
      "kappa": 0.1875,
      "epoch": 48.0
    },
    "3": {
      "accuracy": 0.8819444444444444,
      "kappa": 0.7638888888888888,
      "epoch": 20.0
    },
    "4": {
      "accuracy": 0.7361111111111112,
      "kappa": 0.4722222222222222,
      "epoch": 21.0
    },
    "5": {
      "accuracy": 0.59375,
      "kappa": 0.1875,
      "epoch": 49.0
    },
    "6": {
      "accuracy": 0.6909722222222222,
      "kappa": 0.3819444444444444,
      "epoch": 39.0
    },
    "7": {
      "accuracy": 0.5625,
      "kappa": 0.125,
      "epoch": 46.0
    },
    "8": {
      "accuracy": 0.8541666666666666,
      "kappa": 0.7083333333333333,
      "epoch": 43.0
    },
    "9": {
      "accuracy": 0.7673611111111112,
      "kappa": 0.5347222222222222,
      "epoch": 49.0
    }
  }
}