{
  "dataset": "bnci2014_001",
  "protocol": "LOSO",
  "n_subjects": 9,
  "mean_accuracy": 0.7114197530864198,
  "std_accuracy": 0.1099164708457124,
  "mean_kappa": 0.42283950617283955,
  "std_kappa": 0.21983294169142478,
  "per_subject": {
    "1": {
      "accuracy": 0.75,
      "kappa": 0.5,
      "epoch": 16.0
    },
    "2": {
      "accuracy": 0.6111111111111112,
      "kappa": 0.2222222222222222,
      "epoch": 31.0
    },
    "3": {
      "accuracy": 0.8784722222222222,
      "kappa": 0.7569444444444444,
      "epoch": 36.0
    },
    "4": {
      "accuracy": 0.7465277777777778,
      "kappa": 0.4930555555555556,
      "epoch": 50.0
    },
    "5": {
      "accuracy": 0.5590277777777778,
      "kappa": 0.11805555555555558,
      "epoch": 46.0
    },
    "6": {
      "accuracy": 0.6840277777777778,
      "kappa": 0.3680555555555556,
      "epoch": 45.0
    },
    "7": {
      "accuracy": 0.5763888888888888,
      "kappa": 0.1527777777777778,
      "epoch": 50.0
    },
    "8": {
      "accuracy": 0.8715277777777778,
      "kappa": 0.7430555555555556,
      "epoch": 23.0
    },
    "9": {
      "accuracy": 0.7256944444444444,
      "kappa": 0.45138888888888884,
      "epoch": 22.0
    }
  }
}