{
  "dataset": "bnci2014_001",
  "n_subjects": 9,
  "mean_accuracy": 0.7681992337164751,
  "std_accuracy": 0.13771801345296114,
  "mean_kappa": 0.5363984674329502,
  "std_kappa": 0.2754360269059223,
  "per_subject": {
    "1": {
      "accuracy": 0.8448275862068966,
      "kappa": 0.6896551724137931,
      "epoch": 40.0
    },
    "2": {
      "accuracy": 0.6551724137931034,
      "kappa": 0.31034482758620685,
      "epoch": 22.0
    },
    "3": {
      "accuracy": 0.9827586206896551,
      "kappa": 0.9655172413793104,
      "epoch": 48.0
    },
    "4": {
      "accuracy": 0.6896551724137931,
      "kappa": 0.3793103448275862,
      "epoch": 49.0
    },
    "5": {
      "accuracy": 0.5862068965517241,
      "kappa": 0.1724137931034483,
      "epoch": 31.0
    },
    "6": {
      "accuracy": 0.6551724137931034,
      "kappa": 0.31034482758620685,
      "epoch": 47.0
    },
    "7": {
      "accuracy": 0.6724137931034483,
      "kappa": 0.3448275862068966,
      "epoch": 50.0
    },
    "8": {
      "accuracy": 0.9482758620689655,
      "kappa": 0.896551724137931,
      "epoch": 50.0
    },
    "9": {
      "accuracy": 0.8793103448275862,
      "kappa": 0.7586206896551724,
      "epoch": 50.0
    }
  }
}