{
  "dataset": "bnci2014_001",
  "protocol": "LOSO",
  "n_subjects": 9,
  "mean_accuracy": 0.7006172839506173,
  "std_accuracy": 0.12216848059344354,
  "mean_kappa": 0.4012345679012346,
  "std_kappa": 0.24433696118688708,
  "selection_metric": "kappa",
  "mean_legacy_best_test_accuracy": 0.7110339506172839,
  "std_legacy_best_test_accuracy": 0.1297616079328125,
  "mean_legacy_best_test_kappa": 0.4220679012345679,
  "std_legacy_best_test_kappa": 0.259523215865625,
  "per_subject": {
    "1": {
      "accuracy": 0.8368055555555556,
      "kappa": 0.6736111111111112,
      "epoch": 10.0,
      "selection_accuracy": 0.648590021691974,
      "selection_kappa": 0.2976526351427603,
      "selection_score": 0.2976526351427603,
      "legacy_best_test_accuracy": 0.8680555555555556,
      "legacy_best_test_kappa": 0.7361111111111112,
      "legacy_best_test_epoch": 6.0
    },
    "2": {
      "accuracy": 0.5972222222222222,
      "kappa": 0.19444444444444442,
      "epoch": 10.0,
      "selection_accuracy": 0.6681127982646421,
      "selection_kappa": 0.33676549409010126,
      "selection_score": 0.33676549409010126,
      "legacy_best_test_accuracy": 0.6076388888888888,
      "legacy_best_test_kappa": 0.2152777777777778,
      "legacy_best_test_epoch": 7.0
    },
    "3": {
      "accuracy": 0.9375,
      "kappa": 0.875,
      "epoch": 7.0,
      "selection_accuracy": 0.6529284164859002,
      "selection_kappa": 0.3057228915662651,
      "selection_score": 0.3057228915662651,
      "legacy_best_test_accuracy": 0.96875,
      "legacy_best_test_kappa": 0.9375,
      "legacy_best_test_epoch": 1.0
    },
    "4": {
      "accuracy": 0.6597222222222222,
      "kappa": 0.3194444444444444,
      "epoch": 10.0,
      "selection_accuracy": 0.6876355748373102,
      "selection_kappa": 0.37543278639169053,
      "selection_score": 0.37543278639169053,
      "legacy_best_test_accuracy": 0.6631944444444444,
      "legacy_best_test_kappa": 0.32638888888888884,
      "legacy_best_test_epoch": 7.0
    },
    "5": {
      "accuracy": 0.5347222222222222,
      "kappa": 0.06944444444444442,
      "epoch": 12.0,
      "selection_accuracy": 0.702819956616052,
      "selection_kappa": 0.4058104637269383,
      "selection_score": 0.4058104637269383,
      "legacy_best_test_accuracy": 0.5486111111111112,
      "legacy_best_test_kappa": 0.09722222222222221,
      "legacy_best_test_epoch": 1.0
    },
    "6": {
      "accuracy": 0.6493055555555556,
      "kappa": 0.29861111111111116,
      "epoch": 12.0,
      "selection_accuracy": 0.6941431670281996,
      "selection_kappa": 0.3883122382722439,
      "selection_score": 0.3883122382722439,
      "legacy_best_test_accuracy": 0.6527777777777778,
      "legacy_best_test_kappa": 0.3055555555555556,
      "legacy_best_test_epoch": 16.0
    },
    "7": {
      "accuracy": 0.6180555555555556,
      "kappa": 0.23611111111111116,
      "epoch": 12.0,
      "selection_accuracy": 0.702819956616052,
      "selection_kappa": 0.40576573864117504,
      "selection_score": 0.40576573864117504,
      "legacy_best_test_accuracy": 0.6180555555555556,
      "legacy_best_test_kappa": 0.23611111111111116,
      "legacy_best_test_epoch": 12.0
    },
    "8": {
      "accuracy": 0.7986111111111112,
      "kappa": 0.5972222222222222,
      "epoch": 7.0,
      "selection_accuracy": 0.6550976138828634,
      "selection_kappa": 0.3104320912161209,
      "selection_score": 0.3104320912161209,
      "legacy_best_test_accuracy": 0.7986111111111112,
      "legacy_best_test_kappa": 0.5972222222222222,
      "legacy_best_test_epoch": 7.0
    },
    "9": {
      "accuracy": 0.6736111111111112,
      "kappa": 0.3472222222222222,
      "epoch": 7.0,
      "selection_accuracy": 0.6832971800433839,
      "selection_kappa": 0.36653176470588233,
      "selection_score": 0.36653176470588233,
      "legacy_best_test_accuracy": 0.6736111111111112,
      "legacy_best_test_kappa": 0.3472222222222222,
      "legacy_best_test_epoch": 7.0
    }
  }
}