{
  "dataset": "bnci2014_001",
  "n_subjects": 9,
  "mean_accuracy": 0.7988505747126436,
  "std_accuracy": 0.13959721610909334,
  "mean_kappa": 0.5977011494252874,
  "std_kappa": 0.27919443221818663,
  "per_subject": {
    "1": {
      "accuracy": 0.9137931034482759,
      "kappa": 0.8275862068965517,
      "epoch": 27.0
    },
    "2": {
      "accuracy": 0.6206896551724138,
      "kappa": 0.24137931034482762,
      "epoch": 30.0
    },
    "3": {
      "accuracy": 0.9655172413793104,
      "kappa": 0.9310344827586207,
      "epoch": 30.0
    },
    "4": {
      "accuracy": 0.7413793103448276,
      "kappa": 0.48275862068965514,
      "epoch": 30.0
    },
    "5": {
      "accuracy": 0.5862068965517241,
      "kappa": 0.1724137931034483,
      "epoch": 7.0
    },
    "6": {
      "accuracy": 0.7241379310344828,
      "kappa": 0.4482758620689655,
      "epoch": 19.0
    },
    "7": {
      "accuracy": 0.7586206896551724,
      "kappa": 0.5172413793103448,
      "epoch": 30.0
    },
    "8": {
      "accuracy": 1.0,
      "kappa": 1.0,
      "epoch": 21.0
    },
    "9": {
      "accuracy": 0.8793103448275862,
      "kappa": 0.7586206896551724,
      "epoch": 21.0
    }
  }
}