{
  "dataset": "bnci2014_001",
  "n_subjects": 9,
  "mean_accuracy": 0.7873563218390804,
  "std_accuracy": 0.14876067937407797,
  "mean_kappa": 0.5747126436781609,
  "std_kappa": 0.29752135874815594,
  "per_subject": {
    "1": {
      "accuracy": 0.9137931034482759,
      "kappa": 0.8275862068965517,
      "epoch": 29.0
    },
    "2": {
      "accuracy": 0.6206896551724138,
      "kappa": 0.24137931034482762,
      "epoch": 19.0
    },
    "3": {
      "accuracy": 0.9655172413793104,
      "kappa": 0.9310344827586207,
      "epoch": 25.0
    },
    "4": {
      "accuracy": 0.7413793103448276,
      "kappa": 0.48275862068965514,
      "epoch": 27.0
    },
    "5": {
      "accuracy": 0.6206896551724138,
      "kappa": 0.24137931034482762,
      "epoch": 29.0
    },
    "6": {
      "accuracy": 0.6551724137931034,
      "kappa": 0.31034482758620685,
      "epoch": 11.0
    },
    "7": {
      "accuracy": 0.6551724137931034,
      "kappa": 0.31034482758620685,
      "epoch": 29.0
    },
    "8": {
      "accuracy": 0.9827586206896551,
      "kappa": 0.9655172413793104,
      "epoch": 24.0
    },
    "9": {
      "accuracy": 0.9310344827586207,
      "kappa": 0.8620689655172413,
      "epoch": 28.0
    }
  }
}