{
  "dataset": "bnci2014_001",
  "protocol": "LOSO",
  "n_subjects": 9,
  "mean_accuracy": 0.7445987654320988,
  "std_accuracy": 0.1102774365693567,
  "mean_kappa": 0.48919753086419754,
  "std_kappa": 0.2205548731387134,
  "per_subject": {
    "1": {
      "accuracy": 0.8159722222222222,
      "kappa": 0.6319444444444444,
      "epoch": 40.0
    },
    "2": {
      "accuracy": 0.65625,
      "kappa": 0.3125,
      "epoch": 33.0
    },
    "3": {
      "accuracy": 0.9097222222222222,
      "kappa": 0.8194444444444444,
      "epoch": 22.0
    },
    "4": {
      "accuracy": 0.75,
      "kappa": 0.5,
      "epoch": 10.0
    },
    "5": {
      "accuracy": 0.6076388888888888,
      "kappa": 0.2152777777777778,
      "epoch": 39.0
    },
    "6": {
      "accuracy": 0.6805555555555556,
      "kappa": 0.36111111111111116,
      "epoch": 49.0
    },
    "7": {
      "accuracy": 0.6111111111111112,
      "kappa": 0.2222222222222222,
      "epoch": 47.0
    },
    "8": {
      "accuracy": 0.9131944444444444,
      "kappa": 0.8263888888888888,
      "epoch": 15.0
    },
    "9": {
      "accuracy": 0.7569444444444444,
      "kappa": 0.5138888888888888,
      "epoch": 24.0
    }
  }
}