{
  "dataset": "bnci2014_001",
  "n_subjects": 9,
  "mean_accuracy": 0.8084291187739463,
  "std_accuracy": 0.1427428046758403,
  "mean_kappa": 0.614451213652658,
  "std_kappa": 0.28786966654226687,
  "per_subject": {
    "1": {
      "accuracy": 0.896551724137931,
      "kappa": 0.7943262411347518,
      "epoch": 20.0
    },
    "2": {
      "accuracy": 0.6206896551724138,
      "kappa": 0.23866348448687358,
      "epoch": 34.0
    },
    "3": {
      "accuracy": 0.9655172413793104,
      "kappa": 0.9307875894988067,
      "epoch": 17.0
    },
    "4": {
      "accuracy": 0.7586206896551724,
      "kappa": 0.5084745762711864,
      "epoch": 18.0
    },
    "5": {
      "accuracy": 0.5862068965517241,
      "kappa": 0.1594202898550724,
      "epoch": 24.0
    },
    "6": {
      "accuracy": 0.6896551724137931,
      "kappa": 0.38588235294117645,
      "epoch": 21.0
    },
    "7": {
      "accuracy": 0.8275862068965517,
      "kappa": 0.6506024096385542,
      "epoch": 27.0
    },
    "8": {
      "accuracy": 0.9655172413793104,
      "kappa": 0.9307875894988067,
      "epoch": 21.0
    },
    "9": {
      "accuracy": 0.9655172413793104,
      "kappa": 0.9311163895486936,
      "epoch": 7.0
    }
  }
}